{"tn": 100, "fp": 0, "fn": 92, "tp": 8, "fpr": 0.0, "tpr": 0.08, "tnr": 1.0, "fnr": 0.92, "precision": 1.0, "recall": 0.08, "roc_auc": 0.9619000000000001, "acc_score": 0.54, "f1_score": 0.14814814814814814, "tpr_at_0.05_fpr": 0.81}