{"tn": 100, "fp": 0, "fn": 79, "tp": 21, "fpr": 0.0, "tpr": 0.21, "tnr": 1.0, "fnr": 0.79, "precision": 1.0, "recall": 0.21, "roc_auc": 0.9775999999999999, "acc_score": 0.605, "f1_score": 0.34710743801652894, "tpr_at_0.05_fpr": 0.88}