{"tn": 100, "fp": 0, "fn": 96, "tp": 4, "fpr": 0.0, "tpr": 0.04, "tnr": 1.0, "fnr": 0.96, "precision": 1.0, "recall": 0.04, "roc_auc": 0.7929999999999999, "acc_score": 0.52, "f1_score": 0.07692307692307693, "tpr_at_0.05_fpr": 0.33}