{"tn": 100, "fp": 0, "fn": 97, "tp": 3, "fpr": 0.0, "tpr": 0.03, "tnr": 1.0, "fnr": 0.97, "precision": 1.0, "recall": 0.03, "roc_auc": 0.5601999999999999, "acc_score": 0.515, "f1_score": 0.05825242718446602, "tpr_at_0.05_fpr": 0.11}