{"tn": 100, "fp": 0, "fn": 30, "tp": 70, "fpr": 0.0, "tpr": 0.7, "tnr": 1.0, "fnr": 0.3, "precision": 1.0, "recall": 0.7, "roc_auc": 0.9977999999999999, "acc_score": 0.85, "f1_score": 0.8235294117647058, "tpr_at_0.05_fpr": 0.99}