{"tn": 100, "fp": 0, "fn": 94, "tp": 6, "fpr": 0.0, "tpr": 0.06, "tnr": 1.0, "fnr": 0.94, "precision": 1.0, "recall": 0.06, "roc_auc": 0.7513000000000001, "acc_score": 0.53, "f1_score": 0.11320754716981132, "tpr_at_0.05_fpr": 0.26}