{"tn": 100, "fp": 0, "fn": 61, "tp": 39, "fpr": 0.0, "tpr": 0.39, "tnr": 1.0, "fnr": 0.61, "precision": 1.0, "recall": 0.39, "roc_auc": 0.9945999999999999, "acc_score": 0.695, "f1_score": 0.5611510791366906, "tpr_at_0.05_fpr": 0.98}