{"tn": 100, "fp": 0, "fn": 90, "tp": 10, "fpr": 0.0, "tpr": 0.1, "tnr": 1.0, "fnr": 0.9, "precision": 1.0, "recall": 0.1, "roc_auc": 0.8820999999999999, "acc_score": 0.55, "f1_score": 0.18181818181818182, "tpr_at_0.05_fpr": 0.56}