{"tn": 100, "fp": 0, "fn": 93, "tp": 7, "fpr": 0.0, "tpr": 0.07, "tnr": 1.0, "fnr": 0.93, "precision": 1.0, "recall": 0.07, "roc_auc": 0.9389000000000001, "acc_score": 0.535, "f1_score": 0.1308411214953271, "tpr_at_0.05_fpr": 0.64}