{"tn": 100, "fp": 0, "fn": 29, "tp": 71, "fpr": 0.0, "tpr": 0.71, "tnr": 1.0, "fnr": 0.29, "precision": 1.0, "recall": 0.71, "roc_auc": 0.9995999999999999, "acc_score": 0.855, "f1_score": 0.8304093567251462, "tpr_at_0.05_fpr": 1.0}