{"tn": 100, "fp": 0, "fn": 57, "tp": 43, "fpr": 0.0, "tpr": 0.43, "tnr": 1.0, "fnr": 0.57, "precision": 1.0, "recall": 0.43, "roc_auc": 0.9674999999999999, "acc_score": 0.715, "f1_score": 0.6013986013986014, "tpr_at_0.05_fpr": 0.91}