{"tn": 100, "fp": 0, "fn": 15, "tp": 85, "fpr": 0.0, "tpr": 0.85, "tnr": 1.0, "fnr": 0.15, "precision": 1.0, "recall": 0.85, "roc_auc": 0.9994000000000001, "acc_score": 0.925, "f1_score": 0.918918918918919, "tpr_at_0.05_fpr": 0.99}