{"tn": 100, "fp": 0, "fn": 80, "tp": 20, "fpr": 0.0, "tpr": 0.2, "tnr": 1.0, "fnr": 0.8, "precision": 1.0, "recall": 0.2, "roc_auc": 0.9833999999999999, "acc_score": 0.6, "f1_score": 0.3333333333333333, "tpr_at_0.05_fpr": 0.92}