{"tn": 100, "fp": 0, "fn": 37, "tp": 63, "fpr": 0.0, "tpr": 0.63, "tnr": 1.0, "fnr": 0.37, "precision": 1.0, "recall": 0.63, "roc_auc": 0.9974000000000001, "acc_score": 0.815, "f1_score": 0.7730061349693251, "tpr_at_0.05_fpr": 0.98}