{"tn": 100, "fp": 0, "fn": 33, "tp": 67, "fpr": 0.0, "tpr": 0.67, "tnr": 1.0, "fnr": 0.33, "precision": 1.0, "recall": 0.67, "roc_auc": 0.9867999999999999, "acc_score": 0.835, "f1_score": 0.8023952095808383, "tpr_at_0.05_fpr": 0.95}