{"tn": 100, "fp": 0, "fn": 88, "tp": 12, "fpr": 0.0, "tpr": 0.12, "tnr": 1.0, "fnr": 0.88, "precision": 1.0, "recall": 0.12, "roc_auc": 0.8695999999999999, "acc_score": 0.56, "f1_score": 0.21428571428571427, "tpr_at_0.05_fpr": 0.59}