{"tn": 100, "fp": 0, "fn": 82, "tp": 18, "fpr": 0.0, "tpr": 0.18, "tnr": 1.0, "fnr": 0.82, "precision": 1.0, "recall": 0.18, "roc_auc": 0.89625, "acc_score": 0.59, "f1_score": 0.3050847457627119, "tpr_at_0.05_fpr": 0.73}