{"tn": 100, "fp": 0, "fn": 39, "tp": 61, "fpr": 0.0, "tpr": 0.61, "tnr": 1.0, "fnr": 0.39, "precision": 1.0, "recall": 0.61, "roc_auc": 0.98445, "acc_score": 0.805, "f1_score": 0.7577639751552795, "tpr_at_0.05_fpr": 0.98}