{"tn": 100, "fp": 0, "fn": 91, "tp": 9, "fpr": 0.0, "tpr": 0.09, "tnr": 1.0, "fnr": 0.91, "precision": 1.0, "recall": 0.09, "roc_auc": 0.8278000000000001, "acc_score": 0.545, "f1_score": 0.1651376146788991, "tpr_at_0.05_fpr": 0.55}