{"tn": 100, "fp": 0, "fn": 26, "tp": 74, "fpr": 0.0, "tpr": 0.74, "tnr": 1.0, "fnr": 0.26, "precision": 1.0, "recall": 0.74, "roc_auc": 0.9888999999999999, "acc_score": 0.87, "f1_score": 0.8505747126436781, "tpr_at_0.05_fpr": 0.97}