{"tn": 100, "fp": 0, "fn": 54, "tp": 46, "fpr": 0.0, "tpr": 0.46, "tnr": 1.0, "fnr": 0.54, "precision": 1.0, "recall": 0.46, "roc_auc": 0.9545000000000001, "acc_score": 0.73, "f1_score": 0.6301369863013698, "tpr_at_0.05_fpr": 0.86}